Recipe Name,Veg / Non-veg,Protein (g),Carbs (g),Fat (g),Total Calories
Paneer Tikka Bowl,veg,19.8,53.1,14.0,417.6
Chickpea Salad,veg,37.6,52.0,10.5,452.9
Vegetable Stir Fry,veg,38.3,34.2,9.8,378.2
Lentil Soup,veg,28.2,45.7,9.7,382.9
Quinoa Veggie Bowl,veg,25.1,54.7,6.6,378.6
Tofu Stir Fry,veg,19.5,29.2,8.1,267.7
Mixed Bean Curry,veg,21.4,30.7,11.6,312.8
Spinach & Cheese Wrap,veg,29.0,13.1,21.7,363.7
Oats & Fruit Bowl,veg,26.7,48.5,23.9,515.9
Veggie Burrito,veg,15.6,54.0,16.5,426.9
Sweet Potato Mash,veg,29.3,57.1,11.0,444.6
Vegetable Pulao,veg,26.7,54.6,21.7,520.5
Greek Yogurt Parfait,veg,31.1,46.7,21.0,500.2
Roasted Veggie Salad,veg,41.9,34.4,10.5,399.7
Peanut Butter Toast,veg,29.6,29.4,18.4,401.6
Vegetable Soup,veg,38.9,46.2,21.8,536.6
Hummus & Pita,veg,42.6,59.0,15.7,547.7
Grilled Veggie Sandwich,veg,42.2,39.6,18.3,491.9
Fruit & Nut Smoothie,veg,17.5,31.4,22.3,396.3
Dal Tadka with Rice,veg,20.5,23.0,11.5,277.5
Grilled Chicken Breast,non-veg,28.6,26.9,22.6,425.4
Salmon & Broccoli,non-veg,23.3,57.6,13.4,444.2
Egg White Omelette,non-veg,40.0,33.5,20.0,474.0
Turkey Sandwich,non-veg,16.6,57.6,9.5,382.3
Chicken Stir Fry,non-veg,17.1,57.9,5.8,352.2
Tuna Salad,non-veg,15.9,22.4,21.8,349.4
Beef Steak & Veggies,non-veg,33.6,21.9,14.5,352.5
Baked Fish Fillet,non-veg,18.4,57.4,14.3,431.9
Chicken Caesar Salad,non-veg,22.7,28.4,17.1,358.3
Shrimp Stir Fry,non-veg,43.9,45.9,20.6,544.6
Grilled Chicken Wrap,non-veg,19.9,25.6,16.6,331.4
Egg Fried Rice,non-veg,42.9,38.8,23.2,535.6
Chicken Soup,non-veg,26.3,57.1,9.0,414.6
Lean Beef Bowl,non-veg,32.8,51.5,9.9,426.3
Turkey Meatballs,non-veg,35.9,25.1,18.7,412.3
Baked Chicken Thighs,non-veg,39.2,49.8,16.3,502.7
Fish Curry with Rice,non-veg,16.2,36.6,18.2,375.0
Chicken Quinoa Bowl,non-veg,17.1,42.4,5.3,285.7
Boiled Eggs & Toast,non-veg,27.6,34.5,13.7,371.7
Pork Tenderloin,non-veg,25.9,54.6,14.2,449.8
